Rami f icationType,N.Orbit,L.O,Rami f icationType,N.Orbit,L.O
"(3A,3A,8A)",2,1,"(3A,3A,8B)",2,1
"(3A,4A,6A)",5,1,"(3A,4A,8A)",3,1
"(3A,4A,8B)",3,1,"(3A,4A,5A)",5,1
"(4A,4A,8B)",4,1,"(4A,4A,8A)",4,1
"(4A,4A,6A)",12,1,"(4A,4A,5A)",6,1
"(2A,6A,8A)",3,1,"(2A,6A,8B)",3,1
"(2A,8A,8A)",2,1,"(2A,8B,8B)",2,1
"(2A,4A,11A)",1,1,"(2A,4A,11B)",1,1
"(2A,2A,3A,4A)",1,92,"(2A,2A,4A,4A)",1,168
"(2A,2A,2A,8A)",1,48,"(2A,2A,2A,8B)",1,48
"(2A,5A,8A)",3,1,"(2A,5B,8B)",3,1
Rami f icationType,N.Orbit,L.O,Rami f icationType,N.Orbit,L.O
"(3A,5A,6A)",7,1,"(3A,6A,6A)",12,1
"(3A,3A,8A)",2,1,"(3A,3A,8B)",2,1
"(3A,4A,5A)",5,1,"(3A,4A,6A)",5,1
"(2A,5A,11A)",1,1,"(2A,5A,11B)",1,1
"(2A,5A,8A)",3,1,"(2A,5A,8B)",3,1
"(2A,6A,11A)",3,1,"(2A,6A,11B)",3,1
"(2A,6A,8A)",3,1,"(2A,6A,8B)",3,1
"(2A,4A,11A)",1,1,"(2A,4A,11B)",1,1
"(2A,3A,3A,3A)",1,63,"(2A,2A,3A,5A)",1,100
"(2A,2A,3A,6A)",1,156,"(2A,2A,3A,4A)",1,92
"(2A,2A,2A,11A)",1,33,"(2A,2A,2A,11B)",1,33
"(2A,2A,2A,8A)",1,48,"(2A,2A,2A,8B)",1,48
"(2A,2A,2A,2A,3A)",1,2376,,,
Rami f icationType,N.Orbit,L.O,Rami f icationType,N.Orbit,L.O
"(4A,8A,8A)",4,1,"(4A,4B,11B)",1,1
"(4A,4B,11A)",1,1,"(4B,4B,8B)",4,1
"(4B,4B,6A)",2,1,"(4B,4B,10A)",2,1
"(4B,6B,8A)",16,1,"(4B,6B,6B)",38,1
"(3B,4B,8A)",5,1,"(3B,4B,6B)",10,1
"(4A,4B,8A)",6,1,"(4A,4B,6B)",8,1
"(3B,4A,4B)",4,1,"(4B,5A,8A)",7,1
"(4B,5A,6B)",14,1,"(3B,4B,5A)",7,1
"(4A,4B,5A)",4,1,"(4B,5A,5A)",3,1
"(3A,8A,8A)",6,1,"(3A,4B,11B)",1,1
"(3A,4B,11A)",1,1,"(3A,4B,8B)",2,1
"(3A,4B,6A)",3,1,"(3A,4B,10A)",3,1
"(3A,6B,8A)",16,1,"(3A,6B,6B)",8,1
"(3A,3A,11A)",1,1,"(3A,3A,11B)",1,1
"(3A,3A,6A)",2,1,"(3A,3B,8A)",6,1
"(3A,3B,6B)",6,1,"(3A,5A,8A)",4,1
"(3A,3B,5A)",2,1,"(3A,4A,8A)",2,1
"(3A,5A,6B)",6,1,"(3A,5A,5A)",6,1
"(2B,8A,11B)",2,1,"(2B,8A,11A)",2,1
"(2B,8A,8B)",4,1,"(2B,6A,8A)",4,1
"(2B,8A,10A)",2,1,"(2B,6B,11A)",1,1
"(2B,6B,11B)",1,1,"(2B,6A,6B)",8,1
"(2B,6B,10A)",8,1,"(2B,3B,11A)",1,1
"(2B,3B,11A)",1,1,"(2B,3B,10A)",2,1
"(2B,5A,11B)",1,1,"(2B,5A,11A)",1,1
"(2B,5A,6A)",2,1,"(2B,5A,10A)",2,1
"(2A,8A,8A)",4,1,"(2A,4B,11A)",1,1
"(2B,4B,11B)",1,1,"(2A,6B,8A)",6,1
"(2A,6B,6B)",8,1,"(2A,3A,11A)",1,1
"(2A,3A,11B)",1,1,"(2A,5A,8A)",3,1
"(2B,5A,6B)",6,1,"(2B,4B,4B,4B)",1,244
"(2B,3A,4B,4B)",1,240,"(2B,3A,3A,4B)",1,132
"(2B,3A,3A,3A)",1,96,"(2A,2B,3A,3A)",1,48
"(2B,2B,4B,8A)",1,288,"(2B,2B,4B,6B)",1,504
"(2B,2B,3B,4B)",1,144,"(2B,2B,4A,4B)",1,88
"(2B,2B,4B,5A)",1,220,"(2B,2B,3A,8A)",2,"104, 104"
"(2B,2B,3A,6B)",1,144,"(2B,2B,3A,3B)",1,56
"(2B,2B,3A,5A)",1,120,"(2B,2B,2B,11A)",1,22
"(2B,2B,2B,11B)",1,22,"(2B,2B,2B,6A)",1,72
"(2B,2B,2B,2B,4B)",1,7296,"(2B,2B,2B,2B,3A)",1,2784
"(2A,2B,2B,2B,2B)",1,2048,"(2B,2B,2B,10A)",2,"40,40"
"(2A,2B,2B,8A)",1,64,"(2A,2B,2B,6B)",1,144
"(2A,2B,2B,3B)",1,32,"(2A,2B,2B,5A)",1,80
"(2A,2B,4B,4B)",1,80,"(2A,2B,3A,4B)",1,66
Rami f icationType,N.Orbit,LO,Rami f icationType,N.Orbit,L.O
"(2B,3B,10A)",2,1,"(2A,2B,2B,3B)",1,32
Rami f icationType,N.Orbit,L.O,Rami f icationType,N.Orbit,L.O
"(3A,3A,7A)",12,1,"(3A,3A,7B)",12,1
"(3A,3A,8A)",16,1,"(3A,4B,5A)",8,1
"(3A,4B,6A)",12,1,"(3A,4A,5A)",48,1
"(3A,4A,6A)",24,1,"(4A,4A,4B)",26,1
"(4A,4A,4A)",12,1,"(2A,5A,7A)",10,1
"(2A,5A,7B)",10,1,"(2A,5A,8A)",12,1
"(2A,6A,7A)",6,1,"(2A,6A,7B)",6,1
"(2A,6A,8A)",12,1,"(2A,4B,11A)",2,1
"(2A,4B,11B)",2,1,"(2A,3A,11A)",4,1
"(2A,3A,11B)",4,1,"(2A,2A,3A,4B)",1,180
"(2A,2A,3A,4A)",1,180,"(2A,2A,2A,7A)",3,42
"(2A,2A,2A,7B)",3,42,"(2A,2A,2A,8A)",4,48
Rami f icationType,N.Orbit,L.O,Rami f icationType,N.Orbit,L.O
"(4D,4D,5A)",6,1,"(4D,4D,6A)",2,1
"(4A,4C,4D)",3,1,"(4A,4D,6B)",20,1
"(2C,4D,7A)",2,1,"(2C,4D,7B)",2,1
"(2C,4A,8B)",3,1,"(2C,5A,6B)",11,1
"(2C,6A,6B)",7,1,"(2C,3A,14A)",2,1
"(2C,3A,14B)",2,1,"(2A,8B,8B)",3,1
"(2C,4C,14B)",1,1,"(2A,4C,14A)",1,1
"(2A,6B,10A)",10,1,"(2A,6B,14B)",3,1
"(2A,6B,14A)",3,1,"(2A,6B,12A)",6,1
"(3A,4D,8B)",4,1,"(3A,6B,4C)",10,1
"(3A,6B,6B)",10,1,"(3A,7B,8B)",1,1
"(2B,7A,8B)",1,1,"(2B,5A,10A)",4,1
"(2B,5A,14B)",1,1,"(2B,5A,14A)",1,1
"(2B,5A,12A)",1,1,"(2B,4C,11A)",1,1
"(2B,6A,10A)",2,1,"(2B,6A,14A)",1,1
"(2B,6A,14B)",1,1,"(2B,6A,12A)",2,1
"(2B,6B,11A)",3,1,"(2A,2A,4D,4D)",1,128
"(2A,2A,2C,6B)",1,156,"(2A,2B,4A,4D)",1,94
"(2A,2A,2B,2B,3A)",1,600,"(2A,2B,2C,5A)",1,45
"(2A,2B,2C,6A)",1,30,"(2A,2A,2B,10A)",2,20
"(2A,2A,2B,14B)",1,14,"(2A,2A,2B,14A)",1,14
"(2A,2A,2B,12A)",1,24,"(2A,2A,2A,2B,2C)",1,660
"(2A,2B,3A,4C)",1,34,"(2A,2B,3A,6B)",1,123
"(2B,2B,4A,4A)",1,34,"(2A,2B,2B,11A)",1,11
"(2B,2A,3A,5A)",1,88,"(2B,2B,3A,6A)",1,36
"(2B,2C,3A,3A)",1,72,,,
Rami f icationType,N.Orbit,L.O,Rami f icationType,N.Orbit,L.O
"(2B,4C,11A)",1,1,,,
Rami f icationType,N.Orbit,L.O,Rami f icationType,N.Orbit,L.O
"(4A,4A,5A)",104,1,"(4A,4A,6A)",192,1
"(3A,5A,5A)",30,1,"(3A,4A,8A)",54,1
"(3A,4A,7B)",15,1,"(3A,4A,7A)",15,1
"(3A,5A,6A)",70,1,"(3A,6A,6A)",120,1
"(3A,3A,15B)",4,1,"(3A,3A,15A)",4,1
"(3A,3A,11B)",6,1,"(3A,3A,11A)",6,1
"(3A,3A,14B)",4,1,"(3A,3A,14A)",4,1
"(2A,8A,8A)",28,1,"(2A,5A,15B)",5,1
"(2A,5A,15A)",5,1,"(2A,5A,11B)",6,1
"(2A,5A,11A)",6,1,"(2A,5A,14B)",3,1
"(2A,5A,14A)",3,1,"(2A,4A,23B)",2,1
"(2A,4A,23A)",2,1,"(2A,7B,8A)",8,1
"(2A,7B,7B)",4,1,"(2A,7A,8A)",8,1
"(2A,7A,7A)",4,1,"(2A,6A,15B)",9,1
"(2A,6A,15A)",6,1,"(2A,4A,11B)",12,1
"(2A,4A,11A)",12,1,"(2A,4A,14B)",9,1
"(2A,4A,14A)",9,1,"(2A,3A,3A,3A)",1,996
"(2A,2A,4A,4A)",1,2456,"(2A,2A,3A,5A)",1,980
"(2A,2A,3A,6A)",1,1428,"(2A,2A,2A,15B)",1,90
"(2A,2A,2A,15A)",1,90,"(2A,2A,2A,11B)",2,"66,66"
"(2A,2A,2A,11A)",2,"66,66","(2A,2A,2A,14B)",1,84
"(2A,2A,2A,14A)",1,84,"(2A,2A,2A,2A,3A)",1,21456
Rami f icationType,N.Orbit,L.O,Rami f icationType,N.Orbit,L.O
"(4B,4B,8A)",112,1,"(4B,4B,7B)",22,1
"(4B,4B,7A)",22,1,"(4B,4B,4C)",40,1
"(4B,6A,6A)",478,1,"(4A,4B,6A)",44,1
"(4B,5A,6A)",158,1,"(4A,4B,5A)",11,1
"(4B,5A,5A)",38,1,"(3B,4B,6A)",62,1
"(3B,4A,4B)",4,1,"(3B,4B,5A)",30,1
"(2A,8A,12A)",26,1,"(2A,8A,14A)",9,1
"(2A,8A,14B)",9,1,"(2A,8A,11A)",13,1
"(2A,8A,10A)",10,1,"(2A,8A,15B)",9,1
"(2A,8A,15A)",9,1,"(2A,6B,8A)",2,1
"(2A,6A,21B)",7,1,"(2A,6A,21A)",7,1
"(2A,6A,23B)",5,1,"(2A,6A,23A)",55,1
"(2A,4A,21B)",1,1,"(2A,4A,21A)",1,1
"(2A,7B,12A)",4,1,"(2A,7B,14A)",3,1
"(2A,7B,11A)",2,1,"(2A,7B,10A)",1,1
"(2A,7B,15B)",2,1,"(2A,7B,15A)",2,1
"(2A,7B,6B)",4,1,"(2A,7A,12A)",4,1
"(2A,7A,14B)",3,1,"(2A,7A,11A)",2,1
"(2A,7A,11B)",1,1,"(2A,7A,15B)",2,1
"(2A,7A,15A)",2,1,"(2A,7A,6B)",4,1
"(2A,5A,21B)",2,1,"(2A,5A,21A)",2,1
"(2A,5A,12B)",3,1,"(2A,5A,14B)",4,1
"(2A,5A,14A)",4,1,"(2A,4C,11A)",5,1
"(2A,4C,15B)",4,1,"(2A,4C,15A)",4,1
"(2A,3B,23B)",1,1,"(2A,3B,23A)",1,1
"(3A,4B,12A)",26,1,"(3A,4B,14B)",12,1
"(3A,4B,14A)",12,1,"(3A,4B,11A)",15,1
"(3A,4B,10A)",18,1,"(3A,4B,15B)",12,1
"(3A,4B,15A)",12,1,"(3A,4B,6B)",21,1
"(3A,6A,8A)",96,1,"(3A,6A,7B)",16,1
"(3A,6A,7A)",16,1,"(3A,4C,6A)",28,1
"(3A,4A,8A)",10,1,"(3A,4A,7B)",2,1
"(3A,4A,7A)",2,1,"(3A,3A,21B)",1,1
"(3A,3A,21A)",2,1,"(3A,3A,23B)",1,1
"(3A,3A,23A)",2,1,"(3A,3A,12B)",4,1
"(3A,5A,8A)",28,1,"(3A,5A,7B)",4,1
"(3A,5A,7A)",4,1,"(3A,4C,5A)",7,1
"(3A,3B,8A)",14,1,"(3A,3B,7B)",5,1
"(3A,3B,7A)",5,1,"(3A,3B,4B)",3,1
"(2B,4B,14B)",8,1,"(2B,4B,14A)",8,1
"(2B,4B,11A)",11,1,"(2B,4B,15B)",8,1
"(2B,4B,15A)",8,1,"(2B,6A,8A)",42,1
"(2B,6A,7B)",11,1,"(2B,6A,7A)",11,1
"(2B,3A,21B)",1,1,"(2B,3A,21A)",1,1
"(2B,3A,23B)",1,1,"(2B,3A,23A)",1,1
"(2B,5A,8A)",14,1,"(2B,5A,7B)",5,1
"(2B,5A,7A)",5,1,"(2A,6A,12B)",19,1
"(2A,5A,23B)",5,1,"(2A,5A,23A)",1,1
"(2A,2A,4B,6A)",1,5730,"(2A,2A,4A,4B)",1,464
"(2A,2A,4B,5A)",1,1970,"(2A,2A,3B,4B)",1,969
"(2A,2A,2A,2A,4B)",1,72000,"(2A,2A,2A,21B)",1,63
"(2A,2A,2A,21A)",1,63,"(2A,2A,2A,23B)",1,46
"(2A,2A,2A,23A)",1,46,"(2A,2A,2A,12B)",1,144
"(2A,2A,2A,8A)",1,1128,"(2A,2A,3A,7B)",1,224
"(2A,2A,3A,7A)",1,224,"(2A,2A,3A,4B)",1,684
"(2A,2A,2B,8A)",1,416,"(2A,2A,2B,7B)",1,98
"(2A,2A,2B,7A)",1,98,"(2A,3A,3A,4B)",1,1776
"(2A,2B,3A,4B)",1,684,,,
Rami f icationType,N.Orbit,L.O,Rami f icationType,N.Orbit,L.O
"(2A,3A,7A)",7,1,,,
Rami f icationType,N.Orbit,L.O,Rami f icationType,N.Orbit,L.O
"(2B,3B,7A)",10,1,,,
Rami f icationType,N.Orbit,L.O,Rami f icationType,N.Orbit,L.O
"(2B,3B,7A)",10,1,,,
Rami f icationType,N.Orbit,L.O,Rami f icationType,N.Orbit,L.O
"(2C,3B,14A)",3,1,"(2C,3B,12C)",2,1
Rami f icationType,N.Orbit,L.O,Rami f icationType,N.Orbit,L.O
"(2B,3C,7A)",12,1,,,
Rami f icationType,N.Orbit,L.O,Rami f icationType,N.Orbit,L.O
"(2C,4F,10A)",1,1,"(2D, 5C, 6C )",1,1
"(2D,4F,6B)",10,1,"(2D, 4F, 5C )",9,1
Rami f icationType,N.Orbit,L.O,Rami f icationType,N.Orbit,L.O
"(3A,6A,6A)",12,1,"(3A,6A,8A)",9,1
"(3A,6A,8B)",9,1,"(3A,8A,8A)",3,1
"(3A,8B,8B)",3,1,"(3A,5A,6A)",7,1
"(3A,5A,8A)",9,1,"(3A,5A,8B)",9,1
"(4A,6A,6A)",30,1,"(3A,4A,11A)",4,1
"(3A,4A,11B)",4,1,"(4A,6A,8A)",18,1
"(4A,6A,8B)",18,1,"(4A,8B,8B)",10,1
"(4A,8A,8A)",10,1,"(4A,8A,8B)",10,1
"(3A,8A,8B)",7,1,"(4A,4A,11A)",7,1
"(4A,4A,11B)",7,1,"(4A,5A,6A)",31,1
"(4A,5A,8A)",17,1,"(4A,5A,8B)",17,1
"(4A,5A,5A)",28,1,"(2A,6A,11A)",3,1
"(2A,6A,11B)",3,1,"(2A,3A,3A,3A)",1,63
"(2A,8A,11A)",2,1,"(2A,8A,11B)",2,1
"(2A,8B,11A)",2,1,"(2A,8B,11B)",2,1
"(2A,3A,3A,4A)",1,368,"(2A,3A,4A,4A)",1,708
"(2A,4A,4A,4A)",1,1328,"(2A,2A,3A,6A)",1,156
"(2A,2A,3A,8A)",1,160,"(2A,2A,3A,8B)",1,160
"(2A,2A,3A,5A)",1,100,"(2A,2A,4A,6A)",1,472
"(2A,2A,4A,8A)",1,304,"(2A,2A,4A,8B)",1,304
"(2A,2A,4A,5A)",1,500,"(2A,2A,2A,11A)",1,33
"(2A,2A,2A,11B)",1,33,"(2A,2A,2A,2A,3A)",1,2376
"(2A,2A,2A,2A,4A)",1,8832,"(2A,5A,11A)",1,1
"(2A,5A,11B)",1,1,,,
Rami f icationType,N.Orbit,L.O,Rami f icationType,N.Orbit,L.O
"(5A,5A,5A)",24,1,"(5A,5A,6A)",38,1
"(5A,6A,6A)",34,1,"(6A,6A,6A)",36,1
"(3A,5A,11A)",5,1,"(3A,5A,11B)",5,1
"(3A,5A,8A)",9,1,"(3A,5A,8B)",9,1
"(3A,6A,11A)",4,1,"(3A,6A,11B)",4,1
"(3A,4A,11A)",4,1,"(3A,4A,11B)",4,1
"(3A,6A,8A)",9,1,"(3A,6A,8B)",9,1
"(3A,4A,8A)",3,1,"(3A,4A,8B)",3,1
"(4A,5A,5A)",28,1,"(4A,5A,6A)",31,1
"(4A,6A,6A)",30,1,"(4A,4A,5A)",6,1
"(4A,4A,6A)",12,1,"(2A,11A,11A)",1,1
"(2A,11B,11B)",1,1,"(2A,8A,11A)",2,1
"(2A,8A,11B)",2,1,"(2A,8B,11A)",2,1
"(2A,8B,11B)",2,1,"(2A,8B,8B)",2,1
"(2A,8A,8A)",2,1,"(3A,3A,3A,3A)",1,288
"(2A,3A,3A,5A)",1,385,"(2A,3A,3A,6A)",1,444
"(2A,3A,3A,4A)",1,368,"(2A,2A,5A,6A)",1,680
"(2A,2A,5A,5A)",1,570,"(2A,2A,6A,6A)",1,708
"(2A,2A,3A,11A)",1,77,"(2A,2A,3A,11B)",1,77
"(2A,2A,3A,8A)",1,160,"(2A,2A,3A,8B)",1,160
"(2A,2A,4A,5A)",1,500,"(2A,2A,4A,6A)",1,472
"(2A,2A,4A,4A)",1,"168","(2A,2A,2A,3A,3A)",1,8280
"(2A,2A,2A,2A,5A)",1,12000,"(2A,2A,2A,2A,6A)",1,12528
"(2A,2A,2A,2A,4A)",1,8832,"(2A,2A,2A,2A,2A,2A)",1,229680
Rami f icationType,N.Orbit,L.O,Rami f icationType,N.Orbit,L.O
"(8B,8B,8B)",68,1,"(4B,8B,11B)",11,1
"(4B,8B,11A)",11,1,"(4B,8A,8B)",36,1
"(4B,6A,8B)",18,1,"(4B,8B,10A)",20,1
"(4B,6B,11B)",27,1,"(4B,6B,11A)",27,1
"(4B,6B,8A)",58,1,"(4B,6A,6B)",39,1
"(4B,6B,10A)",39,1,"(3B,4B,11B)",8,1
"(3B,4B,11A)",8,1,"(3B,4B,8A)",13,1
"(3B,4B,10A)",10,1,"(4A,4B,11B)",8,1
"(4A,4B,11A)",8,1,"(4A,4B,8A)",6,1
"(4A,4B,6A)",10,1,"(3B,4B,6A)",7,1
"(4A,4B,10A)",6,1,"(4B,5A,11B)",10,1
"(4B,5A,11A)",10,1,"(4B,5A,8A)",24,1
"(4B,5A,6A)",19,1,"(4B,5A,10A)",22,1
"(6B,8B,8B)",124,1,"(6B,6B,8B)",256,1
"(6B,6B,6B)",332,1,"(3A,8B,11B)",10,1
"(3A,8B,11A)",10,1,"(3A,8A,8B)",16,1
"(3A,6A,8B)",18,1,"(3A,8B,10A)",18,1
"(3A,6B,11B)",16,1,"(3A,6B,11A)",16,1
"(3A,6B,8A)",16,1,"(3A,6A,6B)",24,1
"(3A,6B,10A)",28,1,"(3A,3B,11B)",5,1
"(3A,3B,11A)",5,1,"(3A,3B,8A)",6,1
"(3A,3B,6A)",4,1,"(3A,3B,10A)",8,1
"(3A,4A,11B)",1,1,"(3A,4A,11A)",1,1
"(3A,4A,6A)",3,1,"(3A,4A,10A)",3,1
"(3A,5A,11B)",4,1,"(3A,5A,11A)",4,1
"(3A,5A,8A)",4,1,"(3A,5A,6A)",6,1
"(3A,5A,10A)",16,1,"(3B,8B,8B)",32,1
"(3B,6B,8B)",50,1,"(3B,6B,6B)",72,1
"(3B,3B,8B)",8,1,"(3B,3B,6B)",8,1
"(4A,8B,8B)",44,1,"(4A,6B,8B)",58,1
"(4A,6B,6B)",38,1,"(3B,4A,8A)",13,1
"(3B,4A,6B)",10,1,"(4A,4A,8B)",4,1
"(2B,11B,11B)",2,1,"(2B,11A,11B)",3,1
"(2B,11A,11A)",2,1,"(2B,8A,11B)",2,1
"(2B,8A,11A)",2,1,"(2B,6A,11B)",4,1
"(2B,6A,11A)",4,1,"(2B,6A,8A)",4,1
"(2B,6A,6A)",4,1,"(2B,10A,11B)",4,1
"(2B,10A,11A)",4,1,"(2B,8A,10A)",2,1
"(2B,6A,10A)",6,1,"(2B,10A,10A)",4,1
"(5A,8B,8B)",66,1,"(5A,6B,8B)",132,1
"(5A,6B,6B)",160,1,"(3B,5A,8B)",32,1
"(3B,5A,6B)",44,1,"(3B,3B,5A)",2,1
"(4A,5A,8B)",24,1,"(4A,5A,6B)",14,1
"(3B,4A,5A)",7,1,"(5A,5A,8B)",48,1
"(5A,5A,6B)",64,1,"(3B,5A,5A)",12,1
"(4A,5A,5A)",3,1,"(5A,5A,5A)",6,1
"(2A,8B,11B)",4,1,"(2A,8B,11A)",4,1
"(2A,8A,8B)",8,1,"(2A,6A,8B)",4,1
"(2A,8B,10A)",5,1,"(2A,6B,11B)",6,1
"(2A,6B,11A)",6,1,"(2A,6B,8A)",6,1
"(2A,6A,6B)",6,1,"(2A,6B,10A)",6,1
"(2A,4A,11B)",1,1,"(2A,4A,11A)",1,1
"(2A,5A,11A)",1,1,"(2A,5A,11B)",1,1
"(2A,5A,8B)",3,1,"(4B,4B,4B,4B)",7,"60,60,60,176,176,176, 1056"
"(3A,4B,4B,4B)",1,1494,"(3A,3A,4B,4B)",3,"72, 1020, 132"
"(3A,3A,3A,4B)",1,792,"(3A,3A,3A,3A)",7,"44,44,44,96,96,96,132"
"(2B,4B,4B,8B)",1,2160,"(2B,4B,4B,6B)",1,4000
"(2B,3B,4B,4B)",1,936,"(2B,4A,4B,4B)",1,972
"(2B,4B,4B,5A)",1,1940,"(2B,3A,4B,6B)",1,2816
"(2B,3A,3B,4B)",1,670,"(2B,3A,4A,4B)",1,530
"(2B,3A,4B,5A)",1,1310,"(2B,3A,3A,8B)",2,"524, 524"
"(2B,3A,4B,8B)",1,1756,"(2B,3A,3A,6B)",2,"420, 968"
"(2B,3A,3A,3B)",2,"162, 192","(2B,3A,3A,4A)",1,132
"(2B,3A,3A,5A)",2,"570, 120","(2B,2B,8B,8B)",4,"1120, 784, 128, 96"
"(2B,2B,4B,11B)",1,396,"(2B,2B,4B,11A)",1,396
"(2B,2B,4B,8A)",1,672,"(2B,2B,4B,6A)",1,522
"(2B,2B,4B,10A)",1,540,"(2B,2B,6B,8B)",2,"1864, 1864"
"(2B,2B,6B,6B)",5,"2152, 1524, 456, 288,108","(2B,2B,3A,11B)",2,"55, 154"
"(2B,2B,3A,11A)",2,"55, 154","(2B,2B,3A,8A)",2,"104, 104"
"(2B,2B,3A,6A)",1,272,"(2B,2B,3A,10A)",2,"160, 160"
"(2B,2B,3B,8B)",2,"396, 396","(2B,2B,3B,6B)",2,"648, 396"
"(2B,2B,3B,3B)",2,"64,72","(2B,2B,4A,8B)",1,672
"(2B,2B,4A,6B)",1,504,"(2B,2B,3B,4A)",1,144
"(2B,2B,2B,4B,4B)",1,65472,"(2B,2B,2B,3A,4B)",1,42000
"(2B,2B,2B,2B,8B)",2,"26880, 26880","(2B,2B,2B,3A,3A)",2,"15840, 6024"
"(2B,2B,2B,2B,5A)",2,"22800, 9900","(2B,2B,2B,2B,4A)",1,7296
"(2B,2B,2B,2B,6B)",2,"25056, 36864","(2B,2B,2B,2B,3B)",2,"8280, 5562"
"(2A,2B,2B,2B,3A)",1,8256,"(2A,2A,2B,2B,2B)",1,1216
"(2B,2B,5A,8B)",2,"900, 900","(2B,2B,5A,6B)",2,"720, 1440"
"(2B,2B,3B,5A)",2,"300, 270","(2B,2B,4A,5A)",1,220
"(2A,2B,2B,11A)",1,88,"(2A,2B,2B,8A)",1,64
"(2A,2B,2B,6A)",1,78,"(2A,2B,2B,10A)",1,60
"(2A,2B,4B,8B)",1,596,"(2B,2B,5A,5A)",4,"660,180,160,40"
"(2A,2B,2B,11B)",1,88,"(2A,2B,4B,6B)",1,894
"(2A,2B,3B,4B)",1,165,"(2A,2B,4A,4B)",1,120
"(2A,2B,4B,5A)",1,500,"(2A,2B,3A,8B)",1,372
"(2A,2B,3A,6B)",1,584,"(2A,2B,3A,3B)",1,108
"(2A,2B,3A,4A)",1,66,"(2A,2B,3A,5A)",1,330
"(2A,2A,2B,8B)",1,96,"(2A,2A,2B,6B)",1,108
"(2A,2A,2B,5A)",1,40,"(2A,4B,4B,4B)",2,"688, 156"
"(2A,3A,4B,4B)",1,564,"(2A,3A,3A,4B)",1,360
"(2A,3A,3A,3A)",1,144,"(2A,2A,4B,4B)",1,60
"(2A,2A,3A,4B)",1,72,"(2A,2A,3A,3A)",1,44
"(2A,2B,2B,2B,4B)",1,12768,"(2B,2B,2B,2B,2B,2B)",2,"588800, 332640"
Rami f icationType,N.Orbit,L.O,Rami f icationType,N.Orbit,L.O
"(2B,3B,11A)",1,1,"(2B,3B,11B)",1,1
"(2A,3A,11A)",1,1,"(2A,3A,11B)",1,1
Rami f icationType,N.Orbit,L.O,Rami f icationType,N.Orbit,L.O
"(2A,3A,11A)",1,1,"(2A,3A,11B)",1,1
Rami f icationType,N.Orbit,L.O,Rami f icationType,N.Orbit,L.O
"(2C,4C,6B)",4,1,"(2C,4A,6A)",2,1
Rami f icationType,N.Orbit,L.O,Rami f icationType,N.Orbit,L.O
"(3A,5A,5A)",162,1,"(3A,5A,6A)",122,1
"(3A,6A,6A)",66,1,"(3A,3A,11B)",18,1
"(3A,3A,11A)",18,1,"(3A,4B,7B)",28,1
"(3A,4B,7A)",28,1,"(3A,4B,8A)",26,1
"(3A,4A,7A)",52,1,"(3A,4A,7B)",52,1
"(3A,4A,8A)",60,1,"(4B,4B,5A)",14,1
"(4B,4B,6A)",24,1,"(4B,4B,5A)",108,1
"(4A,4B,6A)",50,1,"(4A,4A,5A)",158,1
"(4A,4A,6A)",104,1,"(2A,5A,11A)",14,1
"(2A,5A,11B)",14,1,"(2A,6A,11A)",10,1
"(2A,6A,11B)",10,1,"(2A,3A,3A,3A)",2,"1680, 2448"
"(2A,7A,7A)",16,1,"(2A,7A,7B)",12,1
"(2A,7B,7B)",16,1,"(2A,7A,8A)",16,1
"(2A,7B,8B)",16,1,"(2A,8A,8A)",10,1
"(2A,2A,3A,5A)",2,"1380, 1500","(2A,2A,3A,6A)",2,"864, 744"
"(2A,2A,4B,4B)",3,"108, 108, 100","(2A,2A,4A,4B)",3,"448, 456, 456"
"(2A,2A,4A,4A)",5,"840, 840, 488, 200, 216","(2A,2A,2A,11A)",6,33
"(2A,2A,2A,11B)",6,33,"(2A,2A,2A,2A,3A)",2,"22464, 22032"
Rami f icationType,N.Orbit,L.O,Rami f icationType,N.Orbit,L.O
"(2A,4A,11A)",2,1,"(2A,4A,11B)",2,1
Rami f icationType,N.Orbit,L.O,Rami f icationType,N.Orbit,L.O
"(4D,4D,8A)",8,1,"(4D,4D,7B)",10,1
"(4D,4D,7A)",10,1,"(4B,4D,8B)",5,1
"(4C,4D,5A)",20,1,"(4C,4D,6A)",8,1
"(4A,4D,8B)",20,1,"(4D,5A,6B)",62,1
"(4D,6A,6B)",51,1,"(2C,4D,11A)",5,1
"(2C,5A,8B)",12,1,"(2C,4B,10A)",3,1
"(2C,4B,14B)",2,1,"(2C,4B,14A)",2,1
"(2C,4B,12A)",4,1,"(2C,4C,8A)",3,1
"(2C,4C,7A)",2,1,"(2C,4C,7B)",2,1
"(2C,4A,10A)",9,1,"(2C,4A,14B)",7,1
"(2C,4A,14A)",7,1,"(2C,4A,12A)",6,1
"(2C,6A,8B)",5,1,"(2C,6B,8A)",9,1
"(2C,6B,7B)",14,1,"(2C,6B,7A)",14,1
"(4B,4C,4C)",3,1,"(4B,4C,6B)",15,1
"(4B,6B,6B)",49,1,"(4A,4C,4C)",6,1
"(4A,4C,6B)",37,1,"(3A,4D,12A)",12,1
"(3A,4C,8B)",13,1,"(3A,6B,8B)",50,1
"(2B,8B,11A)",3,1,"(2B,8A,10A)",3,1
"(2B,8A,14A)",2,1,"(2B,8A,14B)",2,1
"(2B,8A,12A)",2,1,"(2B,7B,14A)",4,1
"(2B,7B,10A)",2,1,"(2B,7B,14B)",4,1
"(4A,6B,6B)",200,1,"(2A,8B,10A)",4,1
"(2A,8B,14B)",6,1,"(2A,8B,14A)",6,1
"(2A,8B,12A)",6,1,"(3A,4D,10A)",21,1
"(3A,4D,14A)",9,1,"(3A,4D,14B)",3,1
"(2B,7B,12A)",3,1,"(2B,7A,10A)",4,1
"(2B,7A,14A)",3,1,"(2B,7A,14B)",2,1
"(2B,7A,12A)",3,1,"(2A,2C,2C,4B)",1,50
"(2A,2C,2C,4A)",1,108,"(2A,2C,3A,4D)",1,378
"(2A,2A,4C,4D)",1,200,"(2A,2A,4D,6B)",1,1080
"(2A,2A,2C,8B)",1,136,"(2B,2C,4D,4D)",1,4
"(2B,2C,2C,4C)",1,16,"(2B,2C,2C,6B)",1,66
"(2B,2C,3A,4B)",1,96,"(2B,2C,3A,4A)",1,258
"(2A,2B,4D,5A)",1,330,"(2A,2B,4D,6A)",1,204
"(2A,2B,2C,8A)",1,44,"(2A,2B,2C,7A)",1,63
"(2A,2B,2C,7B)",1,63,"(2A,2B,4B,4C)",1,60
"(2A,2B,4B,6B)",1,222,"(2A,2B,4A,4C)",1,160
"(2A,2B,4A,6B)",1,984,"(2A,2B,3A,4D)",1,276
"(2A,3A,3A,4D)",1,480,"(2B,2B,4D,8B)",1,40
"(2B,2B,2C,10A)",1,20,"(2B,2B,2C,14B)",1,14
"(2B,2B,2C,14A)",1,14,"(2B,2B,2C,12A)",1,24
"(2B,2B,4B,5A)",1,45,"(2B,2B,4B,6A)",1,72
"(2B,2B,4C,4C)",1,16,"(2B,2B,4A,5A)",1,350
"(2B,2B,4A,6A)",1,168,"(2A,2B,2B,2C,2C)",1,312
"(2A,2A,2B,2B,4B)",1,1024,"(2A,2A,2B,2B,4A)",1,4864
"(2B,2B,4C,6B)",1,96,"(2B,2B,6B,6B)",2,"66, 228"
"(2B,2B,3A,8A)",1,80,"(2B,2B,3A,7B)",2,"56, 35"
"(2B,2B,3A,7A)",2,"56, 35","(2A,2B,2B,2B,4C)",1,368
"(2A,2B,2B,2B,6B)",1,1404,"(2B,2B,2B,2B,5A)",1,300
"(2B,2B,2B,2B,6A)",1,432,"(2A,2A,2A,2B,4D)",1,5232
"(2B,2B,2B,2C,3A)",1,648,"(2A,2A,2B,2B,2B,2B)",1,6704
Rami f icationType,N.Orbit,L.O,Rami f icationType,N.Orbit,L.O
"(2C,4A,7A)",2,1,"(2C,4A,7B)",2,1
"(2C,4C,8A)",3,1,"(2C,4C,8B)",3,1
"(2C,5A,6B)",11,1,"(2C,6A,6B)",7,1
"(2C,3A,14A)",2,1,"(2C,3A,14B)",2,1
"(2B,2C,2C,4D)",1,16,,,
Rami f icationType,N.Orbit,L.O,Rami f icationType,N.Orbit,L.O
"(4A,5A,5A)",396,1,"(4A,4A,8A)",568,1
"(4A,4A,7B)",206,1,"(4A,4A,7A)",206,1
"(3A,5A,8A)",170,1,"(3A,5A,7B)",59,1
"(3A,5A,7A)",59,1,"(3A,4A,15B)",57,1
"(3A,4A,15A)",57,1,"(3A,4A,11B)",63,1
"(3A,4A,11A)",63,1,"(3A,4A,14B)",51,1
"(3A,4A,14A)",51,1,"(3A,6A,8A)",350,1
"(3A,6A,7B)",138,1,"(3A,6A,7A)",138,1
"(3A,3A,23B)",6,1,"(3A,3A,23A)",6,1
"(2A,8A,15B)",28,1,"(2A,8A,15A)",28,1
"(2A,8A,11B)",28,1,"(2A,8A,11A)",28,1
"(2A,8A,14B)",26,1,"(2A,8A,14A)",26,1
"(2A,5A,23A)",6,1,"(2A,5A,23B)",6,1
"(2A,7B,15B)",11,1,"(2A,7B,15A)",11,1
"(2A,7B,11B)",12,1,"(2A,7B,11A)",12,1
"(2A,7B,14B)",5,1,"(2A,7B,14A)",12,1
"(2A,7A,15B)",11,1,"(2A,7A,15A)",11,1
"(2A,7A,11B)",12,1,"(2A,7A,11A)",12,1
"(2A,7A,14B)",12,1,"(2A,7A,14A)",5,1
"(2A,6A,23B)",14,1,"(2A,6A,23A)",14,1
"(4A,6A,6A)",1220,1,"(4A,5A,6A)",776,1
"(2A,3A,3A,4A)",1,11784,"(2A,2A,4A,5A)",1,10680
"(2A,2A,4A,6A)",1,16656,"(2A,2A,3A,8A)",1,4352
"(2A,2A,3A,7B)",1,1799,"(2A,2A,3A,7A)",1,1799
"(2A,2A,2A,23B)",2,"69, 69","(2A,2A,2A,23A)",2,"69, 69"
"(2A,2A,2A,2A,4A)",1,244224,,,
Rami f icationType,N.Orbit,L.O,Rami f icationType,N.Orbit,L.O
"(4B,4B,12A)",484,1,"(4B,4B,14B)",284,1
"(4B,4B,14A)",284,1,"(4B,4B,11A)",315,1
"(4B,4B,10A)",300,1,"(4B,4B,15B)",288,1
"(4B,4B,15A)",288,1,"(4B,4B,6B)",327,1
"(4B,6A,8A)",1736,1,"(4B,6A,7B)",444,1
"(4B,6A,7A)",444,1,"(4B,4C,6A)",510,1
"(4A,4B,8A)",182,1,"(4B,4B,7B)",44,1
"(4A,4B,7A)",182,1,"(4A,4B,4C)",22,1
"(4B,5A,8A)",461,1,"(4B,5A,7B)",104,1
"(4B,5A,7A)",104,1,"(4B,4C,5A)",147,1
"(3B,4B,8A)",128,1,"(3B,4B,7B)",62,1
"(3B,4B,7A)",62,1,"(3B,4B,4C)",38,1
"(6A,6A,6A)",7516,1,"(4A,6A,6A)",652,1
"(4A,4A,6A)",32,1,"(2A,8A,21B)",17,1
"(2A,8A,21A)",17,1,"(2A,8A,23B)",9,1
"(2A,8A,23A)",9,1,"(2A,8A,12B)",41,1
"(2A,12A,12A)",48,1,"(2A,12A,14B)",49,1
"(2A,14B,14B)",31,1,"(2A,12A,14A)",49,1
"(2A,14A,14B)",12,1,"(2A,14A,14A)",31,1
"(2A,7B,21B)",3,1,"(2A,7B,21A)",7,1
"(2A,7B,23B)",3,1,"(2A,7B,23A)",3,1
"(2A,7B,12B)",11,1,"(2A,7A,21B)",7,1
"(2A,7A,23A)",3,1,"(2A,7A,12B)",3,1
"(2A,11A,12A)",11,1,"(2A,11A,14B)",43,1
"(2A,7A,23B)",3,1,"(2A,10A,11A)",21,1
"(2A,11A,14A)",22,1,"(2A,11A,11A)",19,1
"(2A,10A,12A)",30,1,"(2A,10A,14B)",26,1
"(2A,10A,14A)",26,1,"(2A,10A,10A)",22,1
"(2A,12A,15B)",47,1,"(2A,14B,15B)",24,1
"(2A,14A,15B)",24,1,"(2A,11A,15B)",26,1
"(2A,10A,15B)",21,1,"(2A,15B,15B)",19,1
"(2A,12A,15A)",47,1,"(2A,14B,15A)",24,1
"(2A,14A,15A)",24,1,"(2A,11A,15A)",26,1
"(2A,10A,15A)",21,1,"(2A,15A,15B)",33,1
"(2A,15A,15A)",19,1,"(2A,6B,12A)",28,1
"(2A,6B,14B)",33,1,"(2A,6B,14A)",33,1
"(2A,6B,11A)",31,1,"(2A,6B,10A)",15,1
"(2A,6B,15B)",27,1,"(2A,6B,15A)",27,1
"(2A,6B,6B)",6,1,"(2A,4C,21B)",7,1
"(2A,4C,21A)",7,1,"(2A,4C,23B)",7,1
"(2A,4C,23A)",7,1,"(2A,4C,12B)",6,1
"(3A,8A,8A)",238,1,"(3A,4B,21B)",30,1
"(3A,4B,21A)",30,1,"(3A,4B,23B)",19,1
"(3A,4B,23A)",19,1,"(3A,4B,12B)",54,1
"(3A,6A,12A)",412,1,"(3A,6A,14B)",218,1
"(3A,6A,14A)",218,1,"(3A,6A,11A)",241,1
"(3A,6A,10A)",210,1,"(3A,6A,15B)",230,1
"(3A,6A,15A)",230,1,"(3A,6A,6B)",243,1
"(3A,4A,12A)",20,1,"(3A,4A,14B)",22,1
"(3A,4A,14A)",22,1,"(3A,4A,11A)",32,1
"(3A,4A,10A)",14,1,"(3A,4A,15B)",24,1
"(3A,4A,15A)",24,1,"(3A,4A,6B)",15,1
"(3A,7B,8A)",64,1,"(3A,7B,7B)",13,1
"(3A,7A,8A)",64,1,"(3A,7A,7B)",16,1
"(3A,7A,7A)",13,1,"(3A,5A,12A)",112,1
"(3A,5A,14B)",58,1,"(3A,5A,14A)",58,1
"(3A,5A,11A)",50,1,"(3A,5A,10A)",69,1
"(3A,5A,15B)",51,1,"(3A,5A,15A)",51,1
"(3A,5A,6B)",66,1,"(3A,4C,8A)",69,1
"(3A,4C,7B)",26,1,"(3A,4C,7A)",26,1
"(3A,4C,4C)",10,1,"(3A,3B,12A)",40,1
"(3A,3B,14B)",30,1,"(3A,3B,14A)",30,1
"(3A,3B,11A)",27,1,"(3A,3B,10A)",21,1
"(3A,3B,15B)",20,1,"(3A,3B,15A)",20,1
"(3A,3B,6B)",10,1,"(5A,6A,6A)",2362,1
"(4A,5A,6A)",191,1,"(4A,4A,5A)",8,1
"(5A,5A,6A)",673,1,"(2A,2B,4B,4B)",1,10852
"(4A,5A,5A)",84,1,"(5A,5A,5A)",138,1
"(3B,6A,6A)",576,1,"(3B,4A,6A)",34,1
"(3B,5A,6A)",227,1,"(3B,4A,5A)",22,1
"(3B,5A,5A)",76,1,"(3B,3B,6A)",28,1
"(3B,3B,5A)",6,1,"(2B,8A,8A)",92,1
"(2B,4B,21B)",12,1,"(2B,4B,21A)",12,1
"(2B,4B,23B)",7,1,"(2B,4B,23A)",7,1
"(2B,4B,12B)",19,1,"(2B,6A,12A)",70,1
"(2B,6A,14B)",70,1,"(2B,6A,14A)",70,1
"(2B,6A,11A)",80,1,"(2B,6A,10A)",34,1
"(2B,6A,15B)",69,1,"(2B,6A,15A)",69,1
"(2B,6A,6B)",30,1,"(2B,4A,14B)",3,1
"(2B,4A,14A)",3,1,"(2B,4A,15B)",3,1
"(2B,4A,15A)",3,1,"(2B,7B,8A)",32,1
"(2B,7B,7B)",6,1,"(2B,7A,8A)",32,1
"(2B,7A,7B)",17,1,"(2B,7A,7A)",6,1
"(2B,5A,12A)",21,1,"(2B,5A,14B)",20,1
"(2B,5A,14A)",20,1,"(2B,5A,11A)",34,1
"(2B,5A,10A)",10,1,"(2B,5A,15B)",27,1
"(2B,5A,15A)",27,1,"(2B,5A,6B)",14,1
"(2B,4C,8A)",12,1,"(2B,4C,7B)",4,1
"(2B,4C,7A)",4,1,"(2B,3B,14B)",4,1
"(2B,3B,14A)",4,1,"(2B,3B,15B)",3,1
"(2B,3B,15A)",3,1,"(2A,7B,21A)",3,1
"(2A,2A,4B,8A)",1,19960,"(2A,2A,4B,7A)",1,5313
"(2A,2A,4B,7A)",1,5313,"(2A,2A,4B,4C)",1,5104
"(2A,2A,6A,6A)",2,"84012, 960","(2A,2A,4A,6A)",1,7044
"(2A,2A,4A,4A)",1,384,"(2A,2A,2A,2A,6A)",1,989280
"(2A,2A,2A,2A,4A)",1,74496,"(2A,2B,4B,6A)",1,86610
"(2A,2A,2A,2A,5A)",1,342600,"(2A,2A,2A,2A,3B)",1,75816
"(2A,2A,2A,3A,3A)",1,35060,"(2A,2A,2A,2B,3A)",1,85986
"(2A,2A,2A,2B,2B)",2,"10896, 37506","(2A,2A,3A,12A)",1,3876
"(2A,2A,3A,14A)",1,2366,"(2A,2A,3A,14B)",1,2366
"(2A,2A,3A,11A)",1,2926,"(2A,2A,3A,10A)",1,2130
"(2A,2A,3A,15A)",1,2400,"(2A,2A,3A,15B)",1,2400
"(2A,2A,3A,6B)",1,2397,"(2A,2A,5A,6A)",2,"48480, 27330"
"(2A,2A,4A,5A)",1,2000,"(2A,2A,5A,5A)",2,"8,280,340"
"(2A,2A,3B,6A)",1,6744,"(2A,2A,3B,4A)",1,504
"(2A,2A,3B,5A)",1,2505,"(2A,2A,3B,3B)",1,258
"(2A,2A,2B,14A)",1,812,"(2A,2A,2B,14B)",1,812
"(2A,2A,2B,11A)",1,913,"(2A,2A,2B,12A)",1,720
"(2A,2A,2B,10A)",1,720,"(2A,2A,2B,15A)",1,750
"(2A,2A,2B,15B)",1,750,"(2A,2A,2B,6B)",1,360
"(2A,3A,3A,6A)",1,27024,"(2A,3A,3A,4A)",1,2172
"(2A,3A,3A,5A)",1,8430,"(2A,3A,3A,3B)",1,2592
"(2A,2B,3A,4A)",1,336,"(2A,2B,3A,6A)",1,7836
"(2A,2B,3A,5A)",1,2775,"(2A,2B,3A,3B)",1,552
"(2B,2B,3A,3A)",1,290,"(2B,3A,3A,3A)",1,3220
"(2A,2B,2B,5A)",1,340,,,
Rami f icationType,N.Orbit,L.O,Rami f icationType,N.Orbit,L.O
"(2B,3B,12A)",8,1,"(2B,4A,7A)",4,1
Rami f icationType,N.Orbit,L.O,Rami f icationType,N.Orbit,L.O
"(2B,3B,7A)",10,1,,,
Rami f icationType,N.Orbit,L.O,Rami f icationType,N.Orbit,L.O
"(2C,4C,8A)",6,1,"(2C,4B,10A)",5,1
"(2C,3B,24A)",2,1,"(2C,3B,24B)",2,1
"(2A,2C,2C,3B)",1,141,"(2C,4A,12B)",1,1
"(2C,4C,6B)",5,1,,,
Rami f icationType,N.Orbit,L.O,Rami f icationType,N.Orbit,L.O
"(2B,3A,11A)",3,1,"(2B,3A,11B)",3,1
Rami f icationType,N.Orbit,L.O,Rami f icationType,N.Orbit,L.O
"(2B,2C,2C,5A)",1,1,"(2C,4F,11B)",3,1
"(2D,4E,8B)",10,1,"(2D,4E,7A)",10,1
"(2D,3A,20D)",2,1,"(2D,3A,20E)",2,1
Rami f icationType,N.Orbit,L.O,Rami f icationType,N.Orbit,L.O
"(6A,6A,6A)",36,1,"(3A,6A,11A)",4,1
"(3A,6A,11B)",4,1,"(3A,8A,11A)",5,1
"(3A,8B,11B)",5,1,"(3A,8B,11A)",5,1
"(3A,8A,11B)",5,1,"(3A,5A,11A)",5,1
"(3A,5A,11B)",5,1,"(6A,6A,8A)",28,1
"(6A,6A,8B)",28,1,"(8A,8A,8A)",14,1
"(8A,8A,8B)",14,1,"(8A,8B,8B)",14,1
"(8B,8B,8B)",14,1,"(6A,8A,8A)",12,1
"(6A,8A,8B)",28,1,"(6A,8B,8B)",12,1
"(4A,6A,11A)",18,1,"(4A,6A,11B)",18,1
"(4A,8A,11A)",11,1,"(4A,8A,11B)",11,1
"(4A,8B,11A)",11,1,"(4A,8B,11B)",11,1
"(4A,5A,11A)",18,1,"(4A,5A,11B)",18,1
"(2A,11A,11A)",1,1,"(2A,11B,11B)",1,1
"(5A,5A,5A)",24,1,"(5A,64,6A)",34,1
"(5A,6A,8A)",33,1,"(5A,6A,8B)",33,1
"(5A,8A,8A)",23,1,"(5A,8A,8B)",23,1
"(5A,8B,8B)",23,1,"(5A,5A,6A)",38,1
"(5A,5A,8A)",36,1,"(5A,5A,8B)",36,1
"(3A,3A,3A,3A)",1,288,"(3A,3A,3A,4A)",1,1104
"(3A,3A,4A,4A)",2,"2128, 92","(3A,4A,4A,4A)",1,4428
"(4A,4A,4A,4A)",5,"2880, 4776, 168,168,168","(2A,3A,3A,6A)",1,444
"(2A,3A,3A,8A)",1,450,"(2A,3A,3A,8B)",1,450
"(2A,3A,3A,5A)",1,385,"(2A,3A,4A,6A)",1,1417
"(2A,3A,4A,8A)",1,951,"(2A,3A,4A,8B)",1,951
"(2A,3A,4A,5A)",1,1525,"(2A,4A,4A,6A)",1,3016
"(2A,4A,4A,8A)",1,1940,"(2A,4A,4A,8B)",1,1940
"(2A,4A,4A,5A)",1,3150,"(2A,2A,6A,6A)",1,708
"(2A,2A,3A,11A)",1,77,"(2A,2A,3A,11B)",1,77
"(2A,2A,6A,8A)",1,566,"(2A,2A,6A,8B)",1,566
"(2A,2A,8A,8A)",2,"272,48","(2A,2A,8A,8B)",1,436
"(2A,2A,4A,11A)",1,286,"(2A,2A,4A,11B)",1,286
"(2A,2A,2A,3A,3A)",1,8280,"(2A,2A,2A,4A,4A)",1,57720
"(2A,2A,2A,3A,4A)",1,27204,"(2A,2A,2A,2A,6A)",1,15228
"(2A,2A,2A,2A,8A)",1,10944,"(2A,2A,2A,2A,8B)",1,10944
"(2A,2A,2A,2A,2A,2A)",1,229680,"(2A,2A,2A,2A,5A)",1,12000
"(2A,2A,5A,6A)",1,680,"(2A,2A,5A,8A)",1,630
"(2A,2A,5A,8B)",1,630,"(2A,2A,5A,5A)",1,570
"(2A,2A,8B,8B)",2,"272, 48",,,
Rami f icationType,N.Orbit,L.O,Rami f icationType,N.Orbit,L.O
"(5A,5A,11A)",17,1,"(5A,5A,11B)",17,1
"(5A,5A,8A)",36,1,"(5A,5A,8B)",36,1
"(5A,6A,11A)",20,1,"(5A,6A,11B)",20,1
"(5A,6A,8A)",33,1,"(5A,6A,8B)",33,1
"(6A,6A,11A)",13,1,"(6A,6A,11B)",13,1
"(6A,6A,8A)",28,1,"(6A,6A,8B)",28,1
"(3A,11A,11A)",5,1,"(3A,11A,11B)",2,1
"(3A,11B,11B)",5,1,"(3A,8A,11A)",5,1
"(3A,8A,11B)",5,1,"(3A,8B,11A)",5,1
"(3A,8B,11B)",5,1,"(3A,8A,8A)",3,1
"(3A,8A,8B)",7,1,"(3A,8B,8B)",3,1
"(4A,5A,11A)",18,1,"(4A,5A,11B)",18,1
"(4A,5A,8A)",17,1,"(4A,5A,8B)",17,1
"(4A,6A,11A)",18,1,"(4A,6A,11B)",18,1
"(4A,6A,8A)",18,1,"(4A,6A,8B)",18,1
"(4A,4A,11A)",7,1,"(4A,4A,11B)",7,1
"(4A,4A,8A)",4,1,"(4A,4A,8B)",4,1
"(3A,3A,3A,5A)",1,1155,"(3A,3A,3A,6A)",1,1494
"(3A,3A,3A,4A)",1,1104,"(2A,3A,5A,5A)",1,1850
"(2A,3A,5A,6A)",1,2010,"(2A,3A,6A,6A)",1,1791
"(2A,3A,3A,11A)",1,286,"(2A,3A,3A,11B)",1,286
"(2A,3A,3A,8A)",1,450,"(2A,3A,3A,8B)",1,450
"(2A,3A,4A,5A)",1,1525,"(2A,3A,4A,6A)",1,1417
"(2A,3A,4A,4A)",1,708,"(2A,2A,5A,11A)",1,385
"(2A,2A,5A,11B)",1,385,"(2A,2A,5A,8A)",1,630
"(2A,2A,5A,8B)",1,630,"(2A,2A,6A,11A)",1,352
"(2A,2A,6A,11B)",1,352,"(2A,2A,6A,8A)",1,566
"(2A,2A,6A,8B)",1,566,"(2A,2A,3A,3A,3A)",1,26856
"(2A,2A,4A,11A)",1,286,"(2A,2A,4A,11B)",1,286
"(2A,2A,4A,8A)",1,304,"(2A,2A,4A,8B)",1,304
"(2A,2A,2A,3A,5A)",1,37200,"(2A,2A,2A,3A,6A)",1,35496
"(2A,2A,2A,3A,4A)",1,27204,"(2A,2A,2A,2A,11A)",1,6897
"(2A,2A,2A,2A,11B)",1,6897,"(2A,2A,2A,2A,8A)",1,10944
"(2A,2A,2A,2A,8B)",1,10944,"(2A,2A,2A,2A,2A,3A)",1,692280
Rami f icationType,N.Orbit,L.O,Rami f icationType,N.Orbit,L.O
"(2A,4A,11A)",1,1,"(2A,4A,11B)",1,1
Rami f icationType,N.Orbit,L.O,Rami f icationType,N.Orbit,L.O
"(2A,4A,11A)",1,1,"(2A,4A,11B)",1,1
Rami f icationType,N.Orbit,L.O,Rami f icationType,N.Orbit,L.O
"(8B,8B,11A)",92,1,"(8B,8B,11B)",92,1
"(8A,8B,8B)",180,1,"(6A,8B,8B)",104,1
"(8B,8B,10A)",120,1,"(4B,11B,11B)",16,1
"(4B,11A,11B)",16,1,"(4B,11A,11A)",16,1
"(4B,8A,11B)",33,1,"(4B,8A,11A)",33,1
"(4B,8A,8A)",44,1,"(4B,6A,11A)",22,1
"(4B,6A,11B)",22,1,"(4B,6A,8B)",46,1
"(4B,6A,6A)",22,1,"(4B,10A,11B)",26,1
"(4B,10A,11A)",26,1,"(4B,10A,8A)",47,1
"(4B,6A,10A)",28,1,"(6B,8B,11B)",150,1
"(6B,8B,11A)",150,1,"(6B,8A,8B)",260,1
"(6A,6B,8B)",162,1,"(6B,8B,10A)",186,1
"(6B,6B,11B)",211,1,"(6B,6B,11A)",211,1
"(6B,6B,8A)",256,1,"(6A,6B,6B)",230,1
"(6B,6B,10A)",268,1,"(3A,11B,11B)",12,1
"(3A,11A,11A)",12,1,"(3A,8A,11B)",10,1
"(3A,8A,11A)",10,1,"(3A,8A,8A)",6,1
"(3A,6A,11B)",15,1,"(3A,6B,11A)",15,1
"(3A,6B,8A)",18,1,"(3A,6A,6A)",14,1
"(3A,10A,11B)",14,1,"(3A,10A,11A)",14,1
"(3A,10A,8A)",18,1,"(3A,6A,10A)",24,1
"(3A,10A,10A)",14,1,"(3B,8B,11B)",28,1
"(3A,8B,11A)",28,1,"(3B,8A,8B)",52,1
"(3B,6A,8B)",28,1,"(3B,8B,10A)",32,1
"(3B,6B,11B)",40,1,"(3B,6B,11A)",40,1
"(3B,6B,8A)",50,1,"(3B,6A,6B)",36,1
"(3B,6B,10A)",44,1,"(3B,3B,11B)",7,1
"(3B,3B,11A)",7,1,"(3B,3B,8A)",8,1
"(3B,3B,10A)",4,1,"(4A,8B,11B)",33,1
"(4A,8B,11A)",33,1,"(4A,8A,8B)",36,1
"(4A,6A,8B)",46,1,"(4A,8B,10A)",47,1
"(4A,6A,11B)",27,1,"(4A,6B,11A)",27,1
"(4A,6A,6B)",39,1,"(4A,6B,10A)",39,1
"(3B,4A,11B)",8,1,"(3B,4A,11A)",8,1
"(3B,4A,8A)",5,1,"(3B,4A,6A)",7,1
"(3B,4A,10A)",10,1,"(4A,4A,11A)",1,1
"(4A,4A,11B)",1,1,"(4A,4A,6A)",2,1
"(4A,4A,10A)",2,1,"(5A,8B,11A)",72,1
"(5A,8B,11A)",2,1,"(5A,8A,8B)",120,1
"(5A,6A,8B)",100,1,"(5A,8B,10A)",112,1
"(5A,6B,11B)",100,1,"(5A,6B,11A)",100,1
"(5A,6B,8A)",132,1,"(5A,6A,6B)",132,1
"(5A,6B,10A)",156,1,"(3B,5A,11B)",19,1
"(3B,5A,11A)",19,1,"(3B,5A,8A)",22,1
"(3B,5A,6A)",22,1,"(3B,5A,10A)",28,1
"(4A,5A,11B)",10,1,"(4A,5A,11B)",10,1
"(4A,5A,8A)",7,1,"(4A,5A,6A)",19,1
"(4A,5A,10A)",22,1,"(5A,5A,11B)",30,1
"(5A,5A,11A)",30,1,"(5A,5A,8A)",48,1
"(5A,5A,6A)",58,1,"(5A,5A,10A)",68,1
"(2A,11A,11B)",8,1,"(2A,8A,11B)",4,1
"(2A,8A,11A)",4,1,"(2A,8A,8A)",4,1
"(2A,6A,11B)",1,1,"(2A,6A,11A)",1,1
"(2A,6A,8A)",4,1,"(2A,10A,11B)",4,1
"(2A,10A,11A)",4,1,"(2A,10A,10A)",6,1
"(2A,8A,10A)",5,1,"(4B,10A,10A)",31,1
"(4A,6B,8A)",16,1,"(4B,4B,4B,8B)",1,14744
"(4B,4B,4B,6B)",1,26568,"(3B,4B,4B,4B)",1,6075
"(4A,4B,4B,4B)",1,6478,"(4B,4B,4B,5A)",1,11665
"(3A,4B,4B,8B)",1,10560,"(3A,4B,4B,6B)",1,18276
"(3A,3B,4B,4B)",1,3750,"(3A,4A,4B,4B)",1,4446
"(3A,4B,4B,5A)",1,8790,"(3A,3A,4B,8B)",1,7824
"(3A,3A,4B,6B)",1,11952,"(3A,3A,3B,4B)",1,2484
"(3A,3A,4A,4B)",1,2100,"(3A,3A,4B,5A)",1,5760
"(3A,3A,3A,8B)",2,"2328, 2328","(3A,3A,3A,6B)",1,"2376, 3744"
"(3A,3A,3A,3B)",2,"774, 486","(3A,3A,3A,4A)",1,792
"(2B,4B,8A,8A)",1,13764,"(2B,4B,4B,11B)",1,2431
"(2B,4B,4B,11A)",1,2431,"(2B,4B,4B,8A)",1,17776
"(2B,4B,4B,6A)",1,2874,"(2B,4B,4B,10A)",1,3240
"(2B,4B,6B,8B)",1,22624,"(2B,4B,6B,6B)",1,34978
"(2B,3B,4B,8B)",1,624,"(2B,3B,4B,6B)",1,6696
"(2B,3A,3A,10A)",2,"650, 650","(2B,3A,3B,8B)",2,"1477, 1477"
"(2B,3A,3B,6B)",2,"2088, 1876","(2B,3A,3B,3B)",2,"296, 432"
"(2B,3A,4A,8B)",2,"2722, 1876","(2B,3A,4A,6B)",1,2816
"(2B,3A,3B,4A)",1,670,"(2B,3A,4A,4A)",1,240
"(2B,3A,5A,8B)",1,1310,"(2B,3A,5A,6B)",2,"58,503,910"
"(2B,2B,4A,11A)",1,396,"(2B,3A,5A,4A)",2,"37,203,720"
"(2B,2B,4A,6A)",1,522,"(2B,2B,8B,11B)",2,"10,781,078"
"(2B,2B,2B,3B,4B)",1,99720,"(2B,2B,8A,8B)",3,"1,944,992,384"
"(2B,2B,6A,8B)",1,25208,"(2B,2B,8B,10A)",2,"1390, 1390"
"(2B,2B,4B,4B,4B)",1,424280,"(2B,2B,6B,11B)",2,"1166, 1782"
"(2B,2B,6B,11A)",2,"1166, 1782","(2B,2B,6B,8A)",2,"18,641,864"
"(2B,2B,6A,6B)",1,3456,"(2B,2B,6B,10A)",2,"20,402,040"
"(2B,2B,3A,4B,4B)",1,288928,"(2B,2B,3A,3A,4B)",1,179048
"(2B,2B,5A,10A)",1,1030,"(2B,2B,3B,11B)",2,"363, 264"
"(2B,2B,3B,11A)",2,"363, 264","(2B,2B,3B,8A)",2,"396,396"
"(2B,2B,3B,6A)",1,640,"(2B,2B,3B,10A)",2,"390, 390"
"(2B,2B,4A,11B)",1,396,"(2B,3A,3B,5A)",2,"1080, 1100"
"(2B,2B,4A,8A)",1,288,"(2B,3A,5A,5A)",2,"1360, 3360"
"(2B,2B,4A,10A)",1,540,"(2B,2B,2B,4B,8B)",1,353568
"(2B,2B,2B,4B,6B)",1,518472,"(2B,2B,8B,11A)",2,"1078, 1078"
"(2B,2B,2B,4B,5A)",1,278100,"(2B,2B,2B,3A,8B)",2,"108984, 108984"
"(2A,2B,4B,8A)",1,756,"(2B,2B,2B,3A,3B)",2,"27864, 28692"
"(2B,2B,2B,3A,4A)",1,42000,"(2B,2B,2B,3A,5A)",2,"93600, 55200"
"(2A,2B,4B,11B)",1,539,"(2B,2B,2B,2B,11A)",2,"25168, 16698"
"(2B,2B,2B,2B,8A)",2,"26880, 26880","(2B,2B,2B,2B,6A)",1,46944
"(2A,2B,2B,2B,2B,2B)",1,1247232,"(2B,2B,2B,2B,10A)",2,"28000, 28000"
"(2A,2B,2B,2B,8B)",1,58432,"(2A,2B,2B,2B,6B)",1,83088
"(2A,2B,2B,2B,3B)",1,14400,"(2A,2B,2B,2B,4A)",1,12768
"(2A,2B,2B,2B,5A)",1,48080,"(2B,2B,5A,11B)",2,880495
"(2B,2B,5A,11A)",2,"880, 495","(2B,2B,5A,8A)",2,"900, 900"
"(2B,2B,5A,6A)",1,1740,"(2B,2B,3A,3A,3A)",2,"33384, 61520"
"(2A,2B,2B,4B,4B)",1,82656,"(2A,2B,2B,3A,4B)",1,51828
"(2A,2B,2B,3A,3A)",1,3106,"(2A,2A,2B,2B,3A)",1,6444
"(2A,2A,2A,2B,2B)",1,1520,"(2A,2A,2B,2B,4B)",1,11488
"(2A,2B,8B,8B)",1,2860,"(2B,2B,2B,2B,11B)",2,"25168, 16698"
"(2A,2B,4B,11A)",1,539,"(2B,2B,2B,3A,6B)",2,"118368, 162168"
"(2A,2B,4B,6A)",1,525,"(2A,2B,4B,10A)",1,580
"(2A,2B,6B,8B)",1,3894,"(2A,2B,6B,6B)",1,5400
"(2A,2B,3A,11B)",1,330,"(2A,2B,3A,11A)",1,330
"(2A,2B,3A,8B)",1,372,"(2A,2B,3A,6A)",1,330
"(2A,2B,3A,10A)",1,330,"(2A,2B,3B,8A)",1,688
"(2A,2B,3B,6B)",1,892,"(2A,2B,3B,3B)",1,120
"(2A,2B,4A,8A)",1,756,"(2A,2B,4A,6B)",1,894
"(2A,2B,3B,4A)",1,165,"(2A,2B,4A,4A)",1,88
"(2B,3B,3B,4B)",1,1148,"(2B,4A,4B,8B)",1,5310
"(2B,4A,4B,6B)",1,7290,"(2B,3B,4A,4B)",1,1461
"(2B,4A,4A,4B)",1,972,"(2B,4B,5A,8B)",1,11985
"(2B,4B,5A,6B)",1,18660,"(2B,3B,4B,5A)",1,3885
"(2B,4A,4B,5A)",1,3740,"(2B,4B,5A,5A)",1,9185
"(2A,3A,8B,8B)",2,"5358, 4552","(2B,3A,4B,11B)",1,1683
"(2B,3A,4B,11A)",1,"1683, 4552","(2B,3A,4B,8A)",1,2722
"(2B,3A,4B,6A)",1,"2037, 4552","(2B,3A,4B,10A)",1,2325
"(2B,3A,6B,8B)",2,"2476, 2476","(2B,3A,6B,6B)",2,"11208, 8252"
"(2B,3A,3A,11B)",2,"528, 286","(2B,3A,3A,11A)",2,"528, 286"
"(2B,3A,3A,8A)",2,"524, 524","(2B,3A,3A,6A)",1,1080
"(2A,2B,5A,8B)",1,2317,"(2A,2B,5A,6B)",1,3258
"(2A,2B,3B,5A)",1,2572,"(2A,2B,4A,5A)",1,500
"(2A,2B,5A,5A)",1,1892,"(2A,2A,2B,11B)",1,66
"(2A,2B,2B,11A)",1,66,"(2A,2A,2B,8A)",1,96
"(2A,2A,2B,6A)",1,42,"(2A,2A,2B,10A)",1,80
"(2A,4B,4B,8B)",1,3840,"(2A,4B,4B,6B)",1,5640
"(2A,3B,4B,4B)",1,1088,"(2A,4A,4B,4B)",1,1004
"(2A,4B,4B,5A)",1,3362,"(2A,3A,4B,8B)",1,2460
"(2A,3A,4B,6B)",1,3432,"(2A,3A,3B,4B)",1,624
"(2A,3A,4A,4B)",1,582,"(2A,3A,4B,5A)",1,2088
"(2A,3A,3A,8B)",1,1536,"(2A,3A,3A,6B)",1,2112
"(2A,3A,3A,3B)",1,426,"(2A,3A,3A,4A)",1,360
"(2A,3A,3A,5A)",1,1380,"(2A,2A,4B,8B)",1,520
"(2A,2A,4B,6B)",1,756,"(2A,2A,3B,4B)",1,120
"(2A,2A,4A,4B)",2,"76,64","(2A,2A,4B,5A)",2,"295, 135"
"(2A,2A,3A,8B)",1,360,"(2A,2A,3A,6B)",1,456
"(2A,2A,3A,3B)",1,54,"(2A,2A,3A,4A)",1,72
"(2A,2A,3A,5A)",1,180,"(2B,2B,2B,2B,2B,3A)",2,"1745280, 2524320"
"(2A,2A,2A,6B)",3,"36,36,36","(3A,3A,3A,5A)",2,"510, 2360"
"(2B,2B,2B,4A,4B)",1,98496,"(2B,2B,2B,2B,2B,4B)",1,"7824000"
"(2A,2A,2A,8B)",1,48,,,
Rami f icationType,N.Orbit,L.O,Rami f icationType,N.Orbit,L.O
"(3B,4A,4B)",4,1,"(2B,6A,6B)",8,1
"(2B,5A,6A)",2,1,"(2A,4B,11A)",1,1
"(2A,4B,11B)",1,1,"(2A,6B,6B)",8,1
"(2A,5A,6B)",6,1,,,
Rami f icationType,N.Orbit,L.O,Rami f icationType,N.Orbit,L.O
"(2B,3B,10A)",2,1,,,
Rami f icationType,N.Orbit,L.O,Rami f icationType,N.Orbit,L.O
"(2B,3B,10A)",2,1,,,
Rami f icationType,N.Orbit,L.O,Rami f icationType,N.Orbit,L.O
"(2C,3B,12B)",2,1,"(2C,3B,12C)",2,1
"(2C,3A,12A)",1,1,"(2C,4A,6C)",4,1
"(2B,4C,6C)",4,1,"(2A,2C,2C,3A)",1,22
Rami f icationType,N.Orbit,L.O,Rami f icationType,N.Orbit,L.O
"(3A,5A,7A)",208,1,"(3A,5A,7B)",208,1
"(3A,5A,8A)",228,1,"(3A,6A,7A)",130,1
"(3A,6A,7B)",130,1,"(3A,6A,8A)",124,1
"(3A,4B,11A)",29,1,"(3A,4B,11B)",29,1
"(3A,4A,11A)",58,1,"(3A,4A,11B)",58,1
"(4A,5A,5A)",264,1,"(4A,5A,6A)",180,1
"(4B,5A,5A)",264,1,"(4B,5A,6A)",180,1
"(4B,6A,6A)",94,1,"(4B,4B,7B)",40,1
"(4B,4B,7A)",40,1,"(4B,4B,8A)",36,1
"(4A,6A,6A)",176,1,"(4A,4B,7A)",98,1
"(4A,4B,7B)",98,1,"(4A,4B,8A)",74,1
"(4A,4A,7A)",150,1,"(4A,4A,7B)",150,1
"(4A,4A,8A)",188,1,"(2A,3A,3A,4B)",2,"3492, 2688"
"(2A,3A,3A,4A)",1,14904,"(2A,7A,11A)",16,1
"(2A,7A,11B)",16,1,"(2A,7B,11A)",16,1
"(2A,7B,11B)",16,1,"(2A,8A,11A)",18,1
"(2A,8A,11A)",18,1,"(2A,2A,3A,7A)",2,"1820, 1456"
"(2A,2A,3A,7B)",2,"1820, 1456","(2A,2A,3A,8A)",2,"1584, 1584"
"(2A,2A,4B,5A)",6,"780, 750, 750, 900, 630, 630","(2A,2A,4B,6A)",6,"576, 352, 352, 372, 504,504"
"(2A,2A,4A,5A)",4,"1672, 936,1672,1104","(2A,2A,4A,6A)",4,"1672, 936, 1672,1104"
"(2A,2A,2A,2A,4B)",5,"2960, 13056, 11232, 12960, 9792","(2A,2A,2A,2A,4A)",4,"27456,52992, 52992, 30912"
Rami f icationType,N.Orbit,L.O,Rami f icationType,N.Orbit,L.O
"(2A,4B,11A)",4,1,"(2A,4B,11B)",4,1
"(2A,6A,11A)",12,1,"(2A,6A,11B)",12,1
Rami f icationType,N.Orbit,L.O,Rami f icationType,N.Orbit,L.O
"(4D,4D,11A)",25,1,"(4D,5A,8B)",76,1
"(4B,4D,10A)",34,1,"(4B,4D,14B)",15,1
"(4B,4D,14A)",15,1,"(4B,4D,12A)",20,1
"(4C,4D,8A)",21,1,"(4C,4D,7A)",19,1
"(4C,4D,7B)",19,1,"(4A,4D,10A)",62,1
"(4A,4D,14B)",40,1,"(4A,4D,14A)",40,1
"(4A,4D,12A)",54,1,"(4D,6A,8B)",56,1
"(4D,6B,8A)",92,1,"(4D,6B,7B)",97,1
"(4D,6B,7A)",97,1,"(2C,8A,8B)",11,1
"(2C,7B,8B)",15,1,"(2C,7A,8B)",15,1
"(2C,5A,10A)",17,1,"(2C,5A,14B)",20,1
"(2C,5A,14A)",20,1,"(2C,5A,12A)",19,1
"(2C,6A,10A)",9,1,"(2C,6A,14A)",7,1
"(2C,6A,14B)",7,1,"(2C,6A,12A)",8,1
"(2C,6B,11A)",23,1,"(4B,4B,8B)",16,1
"(4B,6B,8B)",68,1,"(4C,4C,5A)",12,1
"(4C,4C,6A)",4,1,"(4A,4C,8B)",38,1
"(4A,6B,8B)",187,1,"(2A,10A,10A)",22,1
"(2A,12A,14B)",12,1,"(2A,12A,14A)",12,1
"(2A,12A,12A)",18,1,"(4B,5A,6B)",132,1
"(4B,6A,6B)",58,1,"(5A,6B,6B)",621,1
"(6A,6B,6B)",406,1,"(3A,8B,8B)",41,1
"(3A,4C,10A)",41,1,"(3A,4C,14A)",16,1
"(3A,4C,14B)",16,1,"(3A,4C,12A)",20,1
"(3A,6B,10A)",164,1,"(3A,6B,14A)",87,1
"(3A,6B,14B)",87,1,"(3A,6B,12A)",116,1
"(2B,10A,11A)",8,1,"(2B,11A,14A)",4,1
"(2B,11A,14B)",4,1,"(2B,11A,12A)",7,1
"(2A,10A,14A)",16,1,"(2B,10A,14B)",16,1
"(2A,14A,14A)",10,1,"(2B,14A,14B)",7,1
"(2A,14B,14B)",10,1,"(2B,10A,12A)",18,1
"(2A,2C,4B,4D)",1,492,"(2A,2C,4A,4D)",1,1194
"(2A,2C,2C,5A)",1,340,"(2A,2C,2C,6A)",1,156
"(2A,2C,3A,4C)",1,348,"(2A,2C,3A,6B)",1,2794
"(2A,2A,4D,8B)",1,1376,"(2A,2A,2C,10A)",1,320
"(2A,2A,2C,14B)",1,266,"(2A,2A,2C,14A)",1,266
"(2A,2A,2C,12A)",1,288,"(2A,2A,4C,4C)",2,"132,76"
"(2A,2A,6B,6B)",3,"5398, 4350, 312","(2A,3A,4D,4D)",1,3026
"(2B,2C,4C,4D)",1,122,"(2B,2C,4D,6B)",1,744
"(2B,2C,2C,8B)",1,72,"(2B,2C,4B,4B)",1,136
"(2B,2C,4A,4B)",1,292,"(2B,2C,4A,4A)",1,814
"(2B,2C,3A,5A)",1,965,"(2B,2C,3A,6A)",1,448
"(2A,2B,4D,8A)",1,412,"(2A,2B,4D,7B)",1,476
"(2A,2B,4D,7A)",1,476,"(2A,2B,2C,11A)",1,121
"(2A,2B,4B,8B)",1,328,"(2A,2B,4C,5A)",2,"305, 315"
"(2A,2B,4C,6A)",1,193,"(2A,2B,4A,8A)",1,952
"(2A,2B,5A,6B)",2,"1625, 1500","(2A,2B,3A,10A)",2,"375, 375"
"(2A,2B,3A,14B)",2,"196, 231","(2A,2B,3A,14A)",2,"196, 231"
"(2A,2B,3A,12A)",2,"318, 210","(2A,3A,3A,4C)",1,296
"(2B,3A,3A,6B)",3,"1552, 886, 1968","(2B,2B,4D,10A)",1,210
"(2B,2B,4D,14A)",1,98,"(2B,2B,4D,14B)",1,98
"(2B,2B,4D,12A)",1,120,"(2B,2B,5A,5A)",3,"480,360,90"
"(2B,2B,4B,7B)",2,"91,42","(2B,2B,4B,7A)",2,"91,42"
"(2B,2B,4C,8B)",1,104,"(2B,2B,4A,8A)",1,264
"(2B,2B,4A,7B)",1,350,"(2B,2B,4A,7A)",1,350
"(2B,2B,5A,6A)",2,"315, 310","(2B,2B,6A,6A)",3,"60, 160, 120"
"(2A,2B,2B,2C,4D)",1,3400,"(2A,2A,2B,2B,5A)",2,"8075, 7650"
"(2A,2A,2B,2B,6A)",2,"5172, 3756","(2A,2B,2B,3A,3A)",2,"12594, 10188"
"(2B,2B,6B,8B)",2,"912, 288","(2B,2B,3A,11A)",2,"55, 44, 44, 44"
"(2B,2B,2B,2C,4B)",1,912,"(2B,2B,2B,2C,4A)",1,2160
"(2A,2B,2B,2B,8B)",1,2400,"(2B,2B,2B,3A,4D)",1,4536
"(2B,2B,2B,2B,8A)",1,768,"(2B,2B,4B,8A)",1,120
"(2B,2B,2B,2B,7B)",2,"588, 294","(2B,2B,2B,2B,2B,2C)",1,6144
"(2B,2B,2B,2B,7A)",2,"588, 294","(2B,3A,4B,4D)",1,630
"(2B,3A,4A,4D)",1,2270,"(2C,2C,2C,4D)",1,90
"(2C,2C,3A,3A)",1,534,"(2A,2A,4C,6C)",2,"704, 1104"
"(2A,2A,2B,2C,3A)",1,13356,"(2B,4D,4D,4D)",1,576
"(2A,2A,2A,2B,4C)",2,"4920, 3384","(2A,2A,2A,2B,6B)",2,"27954, 22194"
"(2A,2A,2A,2A,2B,2B)",2,"137480, 113040","(2A,2A,2A,2C,2C)",1,5172
Rami f icationType,N.Orbit,L.O,Rami f icationType,N.Orbit,L.O
"(2C,4C,7A)",2,1,"(2C,4C,7B)",2,1
"(2C,4A,12A)",3,1,"(2C,4A,10)",4,1
"(2B,6B,12A)",4,1,"(2B,6B,10A)",1,1
"(2B,6A,11A)",3,1,"(2B,6B,12A)",2,1
"(2B,6B,10A)",2,1,"(2A,4D,11A)",1,1
"(2A,4D,11B)",1,1,"(2A,2C,2C,6B)",1,48
"(2A,2B,2C,5A)",1,30,"(2A,2C,2V,4A)",1,50
Rami f icationType,N.Orbit,L.O,Rami f icationType,N.Orbit,L.O
"(5A,5A,5A)",972,1,"(4A,5A,8A)",1484,1
"(5A,5A,5A)",972,1,"(4A,5A,8A)",1484,1
"(4A,5A,7B)",622,1,"(4A,5A,7A)",622,1
"(4A,4A,15B)",480,1,"(4A,4A,15A)",480,1
"(4A,4A,11B)",564,1,"(4A,4A,11A)",564,1
"(4A,4A,14B)",464,1,"(4A,4A,14A)",464,1
"(4A,6A,8A)",564,1,"(4A,6A,7B)",1157,1
"(4A,6A,7A)",1157,1,"(5A,5A,6A)",2178,1
"(5A,6A,6A)",3416,1,"(6A,6A,6A)",4860,1
"(3A,8A,8A)",568,1,"(3A,5A,15B)",159,1
"(3A,5A,15A)",159,1,"(3A,5A,11B)",148,1
"(3A,5A,11A)",148,1,"(3A,5A,14B)",150,1
"(3A,5A,14A)",150,1,"(3A,4A,23B)",50,1
"(3A,4A,23A)",50,1,"(3A,7B,8A)",272,1
"(3A,7B,7B)",98,1,"(3A,7A,8A)",272,1
"(3A,6A,15B)",269,1,"(3A,6A,15A)",269,1
"(3A,6A,11B)",311,1,"(3A,6A,11A)",311,1
"(3A,6A,14B)",265,1,"(3A,6A,14A)",265,1
"(2A,8A,23B)",16,1,"(2A,8A,23A)",16,1
"(2A,15B,15B)",16,1,"(2A,15A,15B)",24,1
"(2A,15A,15A)",16,1,"(2A,11B,15B)",23,1
"(2A,11B,15A)",23,1,"(2A,11B,11B)",18,1
"(2A,11A,15B)",23,1,"(2A,11A,15A)",23,1
"(2A,11A,11B)",22,1,"(2A,11A,11A)",18,1
"(2A,14B,15B)",22,1,"(2A,14B,15A)",22,1
"(2A,11B,14B)",20,1,"(2A,11A,14B)",20,1
"(2A,14B,14B)",24,1,"(2A,14A,15B)",22,1
"(2A,14A,15A)",22,1,"(2A,11B,14A)",20,1
"(2A,11A,14A)",20,1,"(2A,11A,14B)",17,1
"(2A,14A,14A)",24,1,"(2A,7B,23B)",8,1
"(2A,7B,23A)",8,1,"(2A,7A,23B)",8,1
"(2A,7A,23A)",8,1,"(2A,3A,4A,4A)",1,103728
"(2A,3A,3A,5A)",1,34170,"(2A,3A,3A,6A)",1,54918
"(2A,2A,5A,5A)",1,30400,"(2A,2A,4A,8A)",1,34944
"(2A,2A,4A,7B)",1,15848,"(2A,2A,4A,7A)",1,15848
"(2A,2A,5A,6A)",1,48180,"(2A,2A,5A,6A)",1,72528
"(2A,2A,3A,15B)",1,3335,"(2A,2A,3A,15A)",1,3335
"(2A,2A,3A,11B)",1,4070,"(2A,2A,3A,11A)",1,4070
"(2A,2A,3A,14B)",1,3206,"(2A,2A,3A,14A)",1,3206
"(2A,2A,2A,3A,3A)",1,850392,"(2A,2A,2A,2A,5A)",1,732000
"(2A,2A,2A,2A,6A)",1,1050336,"(2A,2A,2A,2A,2A,2A)",1,16463280
"(3A,3A,3A,3A)",2,"28980, 8316",,,
Rami f icationType,N.Orbit,L.O,Rami f icationType,N.Orbit,L.O
"(4B,8A,8A)",3440,1,"(4B,4B,21B)",388,1
"(4B,4B,21A)",388,1,"(4B,4B,23B)",245,1
"(4B,4B,23A)",245,1,"(4B,4B,12B)",792,1
"(4B,6A,12A)",4734,1,"(4B,6A,14B)",2962,1
"(4B,6A,14A)",2962,1,"(4B,6A,11A)",3303,1
"(4B,6A,10A)",2642,1,"(4B,6A,15B)",2960,1
"(4B,6A,15A)",2960,1,"(4B,6A,6B)",2697,1
"(4A,4B,12A)",316,1,"(4A,4B,14B)",242,1
"(4A,4B,14A)",242,1,"(4A,4B,11A)",278,1
"(4A,4B,10A)",185,1,"(4A,4B,15B)",268,1
"(4A,4B,15A)",268,1,"(4A,4B,6B)",204,1
"(4B,7B,8A)",988,1,"(4B,7B,7B)",253,1
"(4B,7A,7A)",212,1,"(4B,4C,5A)",1406,1
"(4B,5A,14B)",820,1,"(4B,5A,14A)",820,1
"(4B,5A,11A)",810,1,"(4B,5A,10A)",823,1
"(4B,5A,15B)",806,1,"(4B,5A,15A)",806,1
"(4B,5A,6B)",786,1,"(4B,4C,8A)",958,1
"(4B,4C,7B)",300,1,"(4B,4C,7A)",300,1
"(4B,4C,4C)",172,1,"(3B,4B,12A)",328,1
"(3B,4B,14B)",264,1,"(3B,4B,14A)",264,1
"(3B,4B,11A)",322,1,"(3B,4B,10A)",199,1
"(3B,4B,15B)",234,1,"(3B,4B,15A)",234,1
"(6A,6A,8A)",15392,1,"(6A,6A,7B)",4825,1
"(6A,6A,7A)",4825,1,"(4C,6A,6A)",3896,1
"(4A,6A,8A)",1286,1,"(4A,6A,7B)",414,1
"(4A,6A,7A)",414,1,"(4A,4C,6A)",202,1
"(4A,4A,8A)",36,1,"(4A,4A,7B)",15,1
"(4A,4A,7A)",15,1,"(4A,4A,4C)",12,1
"(2A,12A,21B)",57,1,"(2A,12A,21A)",57,1
"(2A,12A,23B)",33,1,"(2A,12A,23A)",33,1
"(2A,12A,12B)",83,1,"(2A,14B,21B)",28,1
"(2A,14B,21A)",39,1,"(2A,14B,23B)",23,1
"(2A,14B,23A)",23,1,"(2A,12B,14B)",61,1
"(2A,14A,21B)",39,1,"(2A,14A,21A)",28,1
"(2A,14A,23B)",23,1,"(2A,14A,23A)",23,1
"(2A,12B,14A)",61,1,"(2A,11A,21B)",36,1
"(2A,11A,21A)",36,1,"(2A,11A,23B)",22,1
"(2A,11A,23A)",22,1,"(2A,11A,12B)",52,1
"(2A,10A,21B)",34,1,"(2A,10A,21A)",34,1
"(2A,10A,23B)",21,1,"(2A,10A,23A)",21,1
"(2A,10A,12B)",49,1,"(2A,15B,21B)",33,1
"(2A,15B,21A)",33,1,"(2A,15B,23B)",22,1
"(2A,15B,23A)",22,1,"(2A,12B,15B)",60,1
"(2A,15A,21B)",33,1,"(2A,15A,21A)",33,1
"(2A,15A,23B)",22,1,"(2A,15A,23A)",22,1
"(2A,12B,15A)",60,1,"(2A,6A,21B)",23,1
"(2A,6B,21A)",23,1,"(2A,6B,23B)",19,1
"(2A,6B,23A)",19,1,"(2A,6B,12B)",40,1
"(3A,8A,12A)",740,1,"(3A,8A,14B)",448,1
"(3A,8A,14A)",448,1,"(3A,8A,11A)",436,1
"(3A,8A,10A)",458,1,"(3A,8A,15B)",444,1
"(3A,8A,15A)",444,1,"(3A,8A,6B)",414,1
"(3A,6A,21B)",294,1,"(3A,6A,21A)",294,1
"(3A,6A,23B)",193,1,"(3A,6A,23A)",193,1
"(3A,6A,12B)",540,1,"(3A,4A,21B)",30,1
"(3A,4A,21A)",30,1,"(3A,4A,23B)",22,1
"(3A,4A,23A)",22,1,"(3A,4A,12B)",45,1
"(3A,7B,12A)",228,1,"(3A,7B,14B)",130,1
"(3A,7B,14A)",122,1,"(3A,7B,11A)",112,1
"(3A,7B,10A)",142,1,"(3A,7B,15B)",115,1
"(3A,7B,15A)",117,1,"(3A,6B,7B)",36,1
"(3A,7A,12A)",228,1,"(3A,7A,14B)",122,1
"(3A,7A,14A)",130,1,"(3A,7A,11A)",112,1
"(3A,7A,10A)",142,1,"(3A,7A,15B)",117,1
"(3A,7A,15A)",117,1,"(3A,6B,7A)",136,1
"(3A,5A,21B)",78,1,"(3A,5A,21A)",78,1
"(3A,5A,23B)",42,1,"(3A,5A,23A)",42,1
"(3A,5A,12B)",144,1,"(3A,4C,12A)",192,1
"(3A,4C,14B)",146,1,"(3A,4C,14A)",146,1
"(3A,4C,11A)",160,1,"(3A,4C,10A)",99,1
"(3A,4C,15B)",144,1,"(3A,4C,15A)",144,1
"(3A,4C,6B)",90,1,"(3A,3B,21B)",18,1
"(3A,3B,21A)",18,1,"(3A,3B,23B)",20,1
"(3A,3B,23A)",20,1,"(3A,3B,12B)",36,1
"(5A,6A,8A)",4756,1,"(5A,6A,7B)",1343,1
"(5A,6A,7A)",1343,1,"(5A,4C,6A)",1323,1
"(4A,5A,8A)",481,1,"(4A,5A,7B)",151,1
"(4A,5A,7A)",151,1,"(4A,4C,5A)",80,1
"(5A,5A,8A)",1152,1,"(5A,5A,7B)",277,1
"(5A,5A,7A)",277,1,"(3B,4B,6B)",117,1
"(4C,5A,5A)",444,1,"(3B,6A,8A)",1070,1
"(3B,6A,7B)",414,1,"(3B,6A,7A)",414,1
"(3B,4C,6A)",191,1,"(3B,4A,8A)",102,1
"(3B,4A,7B)",41,1,"(3B,4A,7A)",41,1
"(3B,5A,8A)",404,1,"(3B,5A,7B)",142,1
"(3B,5A,7A)",142,1,"(3B,4C,5A)",96,1
"(3B,3B,8A)",32,1,"(3B,3B,7B)",12,1
"(3B,3B,7A)",12,1,"(3B,8A,12A)",114,1
"(2B,8A,14B)",103,1,"(2B,8A,14A)",103,1
"(2B,8A,11A)",121,1,"(2B,8A,10A)",64,1
"(2B,8A,15B)",119,1,"(2B,8A,15A)",119,1
"(2B,6B,8A)",80,1,"(2B,6A,21B)",66,1
"(2B,6A,21A)",66,1,"(2B,6A,23B)",50,1
"(2B,6A,23A)",50,1,"(2B,6A,12B)",99,1
"(2B,4A,21B)",4,1,"(2B,4A,21A)",4,1
"(2B,4A,23B)",5,1,"(2B,4A,23A)",5,1
"(2B,4A,12A)",48,1,"(2B,7B,14B)",22,1
"(2B,7B,14A)",54,1,"(2B,7B,11A)",54,1
"(2B,7B,10A)",22,1,"(2B,7B,15B)",47,1
"(2B,7B,15A)",47,1,"(2B,6B,7B)",33,1
"(2B,7A,12A)",48,1,"(2B,7A,14B)",54,1
"(2B,7A,14A)",22,1,"(2B,7A,11A)",54,1
"(2B,7A,10A)",22,1,"(2B,7A,15B)",47,1
"(2B,7A,15A)",47,1,"(2B,6B,7A)",33,1
"(2B,5A,21B)",24,1,"(2B,5A,21A)",24,1
"(2B,5A,23B)",19,1,"(2B,5A,23A)",19,1
"(2B,5A,12B)",36,1,"(2B,4C,12A)",16,1
"(2B,4C,14B)",23,1,"(2B,4C,14A)",23,1
"(2B,4C,11A)",24,1,"(2B,4C,10A)",6,1
"(2B,4C,15B)",20,1,"(2B,4C,15A)",20,1
"(2B,3B,21B)",1,1,"(2B,3B,21A)",1,1
"(2A,4B,4B,4B)",1,526208,"(2A,2A,4B,12A)",1,49424
"(2A,2A,4B,14B)",1,33194,"(2A,2A,4B,14A)",1,33194
"(2A,2A,4B,11A)",1,39149,"(2A,2A,4B,10A)",1,28660
"(2A,2A,4B,15B)",1,32855,"(2A,2A,4B,15A)",1,32855
"(2A,2A,4B,6B)",1,28341,"(2A,2A,6A,8A)",1,181688
"(2A,2A,6A,7B)",1,55727,"(2A,2A,6A,7A)",1,55727
"(2A,2A,4C,6A)",1,43352,"(2A,2A,4A,8A)",1,15112
"(2A,2A,4A,7B)",1,4424,"(2A,2A,4A,7A)",1,4424
"(2A,2A,4A,4C)",1,2384,"(2A,2A,2A,2A,8A)",1,2173440
"(2A,2A,2A,2A,7B)",1,675514,"(2A,2A,2A,2A,7A)",1,675514
"(2A,2A,2A,2A,4C)",1,468928,"(2A,2A,2A,3A,4B)",1,1
"(2A,2A,2A,2B,4B)",1,1002768,"(2A,2A,3A,21B)",1,2947
"(2A,2A,3A,21A)",1,2947,"(2A,2A,3A,23B)",1,2185
"(2A,2A,3A,23A)",1,2185,"(2A,2A,3A,12B)",1,3876
"(2A,2A,5A,7B)",1,16555,"(2A,2A,5A,7A)",1,16555
"(2A,2A,5A,4C)",1,13860,"(2A,2A,3B,8A)",1,12528
"(2A,2A,3B,7B)",1,4669,"(2A,2A,3B,7A)",1,4669
"(2A,2A,3B,4C)",1,2656,"(2A,2A,2B,21B)",1,805
"(2A,2A,2B,21A)",1,805,"(2A,2A,2B,23B)",1,575
"(2A,2A,2B,23A)",1,575,"(2A,2A,2B,12B)",1,1224
"(2A,3A,4B,6A)",1,3876,"(2A,3A,4A,4B)",1,29134
"(2A,3A,4B,5A)",1,10852,"(2A,3A,3B,4B)",1,28658
"(2A,3A,3A,8A)",1,57840,"(2A,3A,3A,7B)",1,17038
"(2A,3A,3A,7A)",1,17038,"(2A,3A,3A,4C)",1,14080
"(2A,2B,4B,6A)",1,86610,"(2A,2B,4A,4B)",1,5112
"(2A,2B,4B,5A)",1,31000,"(2A,2B,3B,4B)",1,4941
"(2A,2B,3A,8A)",1,15072,"(2A,2B,3A,7B)",1,5201
"(2A,2B,3A,7A)",1,5201,"(2A,2B,3A,4C)",1,2640
"(2A,2B,2B,8A)",1,2080,"(2A,2B,2B,7B)",1,763
"(2A,2B,2B,7A)",1,763,"(2A,2B,2B,4C)",1,208
"(3A,3A,3A,4A)",1,118236,"(2B,3A,3A,4B)",1,34464
"(2B,2B,3A,4B)",1,4680,"(2B,2B,2B,4B)",1,624
"(2A,2A,5A,8A)",1,57000,"(2A,2A,4C,5A)",1,13860
Rami f icationType,N.Orbit,L.O,Rami f icationType,N.Orbit,L.O
"(2B,3B,10A)",6,1,"(2B,3B,10B)",6,1
"(2A,5C,6B)",1,1,"(2A,5D,6B)",1,1
Rami f icationType,N.Orbit,L.O,Rami f icationType,N.Orbit,L.O
"(2C,6C,5D)",4,1,"(2C,4C,7A)",9,1
"(2A,2C,2C,4A)",1,28,"(2A,4C,12C)",2,1
Rami f icationType,N.Orbit,L.O,Rami f icationType,N.Orbit,L.O
"(2B,4C,20A)",3,1,"(2B,4C,20B)",3,1
"(2B,4C,7A)",18,1,"(2B,6B,6B)",20,1
"(2B,5C,6B)",22,1,"(2B,5C,5C)",18,1
"(2B,3A,15A)",2,1,,,
Rami f icationType,N.Orbit,L.O,Rami f icationType,N.Orbit,L.O
"(2C,6E,10A)",1,1,"(2C,4F,15A)",1,1
"(2D,6B,6E)",8,1,"(2D,3A,20C)",1,1
"(2D,5C,6E)",6,1,"(2D,4D,11B)",1,1
"(2D,4F,6A)",5,1,"(2D,4C,12B)",3,1
"(2D,4C,10C)",6,1,"(2D,4C,10D)",22,1
"(2A,4E,20E)",3,1,"(2A,4E,20D)",3,1
"(2A,6C,10C)",1,1,"(2A,2D,2D,4C)",1,268
"(2D,4F,12B)",6,1,"(2A,4F,10C)",2,1
"(2A,4F,10D)",14,1,"(2A,2A,2D,6C)",1,12
"(2A,2A,2D,4F)",1,160,,,